food,era,pair,Protein,Total lipid (fat),"Fiber, total dietary","Iron, Fe","Zinc, Zn","Magnesium, Mg","Calcium, Ca","Potassium, K","Phosphorus, P","Vitamin C, total ascorbic acid","Vitamin A, RAE",Vitamin E (alpha-tocopherol),Vitamin K (phylloquinone),Thiamin,Riboflavin,Niacin,Vitamin B-6,"Folate, total",Vitamin B-12,"Selenium, Se","Manganese, Mn","Copper, Cu","Fatty acids, total omega-3",Protein_pct_rda,Total lipid (fat)_pct_rda,"Fiber, total dietary_pct_rda","Iron, Fe_pct_rda","Zinc, Zn_pct_rda","Magnesium, Mg_pct_rda","Calcium, Ca_pct_rda","Potassium, K_pct_rda","Phosphorus, P_pct_rda","Vitamin C, total ascorbic acid_pct_rda","Vitamin A, RAE_pct_rda",Vitamin E (alpha-tocopherol)_pct_rda,Vitamin K (phylloquinone)_pct_rda,Thiamin_pct_rda,Riboflavin_pct_rda,Niacin_pct_rda,Vitamin B-6_pct_rda,"Folate, total_pct_rda",Vitamin B-12_pct_rda,"Selenium, Se_pct_rda","Manganese, Mn_pct_rda","Copper, Cu_pct_rda","Fatty acids, total omega-3_pct_rda",micro_density_score,macro_density_score
venison,ancient,venison,20.2,25.1,0.0,2.43,3.79,19.0,17.0,287.0,189.0,0.0,7.0,0.47,1.0,0.407,0.283,7.27,0.378,5.0,1.75,10.5,,0.095,,40.4,38.61538461538462,0.0,13.5,34.45454545454545,4.523809523809524,1.3076923076923077,6.1063829787234045,15.120000000000001,0.0,0.7777777777777778,3.1333333333333333,0.8333333333333334,33.916666666666664,21.769230769230766,45.4375,22.235294117647058,1.25,72.91666666666667,19.090909090909093,,10.555555555555555,,16.15414197767847,39.50769230769231
"beef, ground, 80% lean",modern,venison,17.17,20.0,0.0,1.94,4.18,17.0,18.0,270.0,158.0,0.0,4.0,0.17,1.8,0.043,0.151,4.227,0.323,7.0,2.14,15.0,0.01,0.061,,34.34,30.76923076923077,0.0,10.777777777777779,37.99999999999999,4.0476190476190474,1.3846153846153846,5.74468085106383,12.64,0.0,0.4444444444444444,1.1333333333333333,1.5000000000000002,3.5833333333333335,11.615384615384615,26.418750000000003,19.0,1.7500000000000002,89.16666666666667,27.27272727272727,0.43478260869565216,6.777777777777777,,13.084594655671959,32.55461538461539
bison,ancient,bison,25.2,8.55,0.0,3.16,5.3,23.0,14.0,350.0,211.0,0.0,0.0,0.2,1.3,0.138,0.262,5.92,0.398,16.0,2.42,30.9,,0.15,,50.4,13.153846153846155,0.0,17.555555555555557,48.18181818181818,5.476190476190476,1.0769230769230769,7.446808510638298,16.88,0.0,0.0,1.3333333333333335,1.0833333333333335,11.500000000000002,20.153846153846153,37.0,23.411764705882355,4.0,100.0,56.18181818181818,,16.666666666666664,,19.36568727242135,31.776923076923076
"beef, ground, 90% lean",modern,bison,20.0,10.0,0.0,2.24,4.79,20.0,12.0,321.0,184.0,0.0,4.0,0.17,0.8,0.042,0.151,5.072,0.369,6.0,2.21,16.6,0.01,0.072,,40.0,15.384615384615385,0.0,12.444444444444445,43.54545454545455,4.761904761904762,0.9230769230769231,6.829787234042553,14.719999999999999,0.0,0.4444444444444444,1.1333333333333333,0.6666666666666667,3.5000000000000004,11.615384615384615,31.7,21.705882352941178,1.5,92.08333333333334,30.181818181818183,0.43478260869565216,7.999999999999999,,14.30951567227703,27.692307692307693
wild boar,ancient,wild boar,21.51,3.33,0.0,,,,12.0,,120.0,0.0,0.0,,,0.39,0.11,4.0,,,,9.8,,,,43.02,5.1230769230769235,0.0,,,,0.9230769230769231,,9.6,0.0,0.0,,,32.5,8.46153846153846,25.0,,,,17.81818181818182,,,,10.478088578088578,24.071538461538463
"pork, ground",modern,wild boar,26.9,21.2,0.0,1.15,2.52,22.0,20.0,342.0,219.0,0.0,0.0,0.44,0.0,0.349,0.458,8.5,0.531,4.0,0.96,43.2,,0.038,,53.79999999999999,32.61538461538461,0.0,6.388888888888888,22.90909090909091,5.238095238095238,1.5384615384615385,7.276595744680852,17.52,0.0,0.0,2.933333333333333,0.0,29.083333333333332,35.23076923076923,53.125,31.23529411764706,1.0,40.0,78.54545454545455,,4.222222222222222,,17.697186268525115,43.2076923076923
rabbit,ancient,rabbit,30.1,8.34,0.0,2.35,2.35,20.0,20.0,298.0,224.0,0.0,0.0,0.44,1.6,0.06,0.169,7.1,0.337,9.0,6.46,38.2,,0.175,,60.199999999999996,12.830769230769231,0.0,13.055555555555557,21.363636363636367,4.761904761904762,1.5384615384615385,6.340425531914893,17.919999999999998,0.0,0.0,2.933333333333333,1.3333333333333335,5.0,13.0,44.375,19.823529411764707,2.25,100.0,69.45454545454545,,19.444444444444443,,18.031272090994445,36.51538461538461
"chicken, breast, raw",modern,rabbit,22.525,1.934,,0.3543,0.6545,26.2,3.939,330.1,214.9,,,,,,,,,,,,0.0,0.003638,,45.05,2.9753846153846153,,1.9683333333333335,5.949999999999999,6.238095238095238,0.303,7.023404255319149,17.192,,,,,,,,,,,,0.0,0.4042222222222222,,4.884881881121243,24.012692307692305
elk,ancient,elk,22.95,1.45,0.0,2.76,2.4,23.0,4.0,312.0,161.0,0.0,0.0,,,,,,,,,9.8,0.012,0.12,,45.9,2.230769230769231,0.0,15.333333333333332,21.818181818181817,5.476190476190476,0.3076923076923077,6.6382978723404245,12.879999999999999,0.0,0.0,,,,,,,,,17.81818181818182,0.5217391304347827,13.333333333333334,,7.843912507474024,24.065384615384616
"beef, sirloin, raw",modern,elk,21.975,5.708,,2.224,3.453,22.08,3.701,349.4,193.1,,,,,,,,,,,,0.001563,0.07023,,43.95,8.781538461538462,,12.355555555555558,31.39090909090909,5.257142857142857,0.28469230769230774,7.434042553191489,15.448,,,,,,,,,,,,0.06795652173913044,7.803333333333333,,10.00520402744547,26.36576923076923
quail,ancient,quail,25.0,14.0,0.0,4.41,3.09,22.0,15.0,215.0,278.0,2.3,70.0,0.7,4.2,0.219,0.299,7.89,0.617,6.0,0.36,21.7,,0.59,,50.0,21.53846153846154,0.0,24.5,28.09090909090909,5.238095238095238,1.153846153846154,4.574468085106383,22.24,2.5555555555555554,7.777777777777778,4.666666666666666,3.5000000000000004,18.25,23.0,49.3125,36.294117647058826,1.5,15.0,39.45454545454545,,65.55555555555556,,18.561265117111404,35.769230769230774
"chicken, whole, raw",modern,quail,12.4,9.96,0.0,1.67,1.24,11.0,48.0,132.0,184.0,0.0,180.0,1.05,0.3,0.077,0.419,0.0,0.063,71.0,1.02,31.1,,0.0,,24.8,15.323076923076925,0.0,9.277777777777779,11.272727272727273,2.619047619047619,3.6923076923076925,2.8085106382978724,14.719999999999999,0.0,20.0,7.000000000000001,0.25,6.416666666666666,32.230769230769226,0.0,3.705882352941177,17.75,42.50000000000001,56.54545454545455,,0.0,,12.146797041894203,20.06153846153846
wild salmon,ancient,wild salmon,19.84,6.34,0.0,0.8,0.64,29.0,12.0,490.0,200.0,0.0,12.0,,,0.226,0.38,7.86,0.818,25.0,3.18,36.5,0.016,0.25,,39.68,9.753846153846153,0.0,4.444444444444445,5.818181818181818,6.904761904761905,0.9230769230769231,10.425531914893616,16.0,0.0,1.3333333333333335,,,18.833333333333336,29.230769230769234,49.125,48.11764705882353,6.25,100.0,66.36363636363637,0.6956521739130435,27.77777777777778,,21.791285904274744,24.716923076923077
"salmon, atlantic, farmed",modern,wild salmon,20.42,13.42,0.0,0.34,0.36,27.0,9.0,363.0,240.0,3.9,58.0,3.55,0.5,0.207,0.155,8.672,0.636,26.0,3.23,24.0,0.011,0.045,,40.84,20.646153846153847,0.0,1.8888888888888888,3.2727272727272725,6.428571428571428,0.6923076923076923,7.723404255319149,19.2,4.333333333333334,6.444444444444445,23.666666666666668,0.4166666666666667,17.25,11.923076923076922,54.2,37.411764705882355,6.5,100.0,43.63636363636363,0.47826086956521735,5.0,,17.52332383919068,30.743076923076927
"sardines, raw",ancient,"sardines, raw",17.9,7.96,1.0,3.12,1.12,34.0,306.0,273.0,322.0,0.0,18.0,1.23,1.5,0.27,0.233,5.03,0.134,55.0,4.97,39.6,,0.158,,35.8,12.246153846153845,3.571428571428571,17.333333333333336,10.181818181818182,8.095238095238095,23.53846153846154,5.808510638297872,25.759999999999998,0.0,2.0,8.200000000000001,1.25,22.500000000000004,17.923076923076923,31.4375,7.882352941176471,13.750000000000002,100.0,72.0,,17.555555555555554,,20.46248819886245,24.02307692307692
"tuna, canned in water",modern,"sardines, raw",,,,,,,,,,,,,,,,,,,,,,,,,,,,,,,,,,,,,,,,,,,,,,,,
"mackerel, raw",ancient,"mackerel, raw",18.6,13.89,0.0,1.63,0.63,76.0,12.0,314.0,217.0,0.4,50.0,1.52,5.0,0.176,0.312,9.08,0.399,1.0,8.71,44.1,0.015,0.073,,37.2,21.36923076923077,0.0,9.055555555555555,5.7272727272727275,18.095238095238095,0.9230769230769231,6.680851063829787,17.36,0.4444444444444444,5.555555555555555,10.133333333333333,4.166666666666666,14.666666666666666,24.0,56.75,23.47058823529412,0.25,100.0,80.18181818181819,0.6521739130434783,8.11111111111111,,19.311217623645334,29.284615384615385
"cod, raw",modern,"mackerel, raw",17.81,0.67,0.0,0.38,0.45,32.0,16.0,413.0,203.0,1.0,12.0,0.64,0.1,0.076,0.065,2.063,0.245,7.0,0.91,33.1,0.015,0.028,,35.62,1.0307692307692307,0.0,2.111111111111111,4.090909090909091,7.6190476190476195,1.2307692307692308,8.787234042553191,16.24,1.1111111111111112,1.3333333333333335,4.266666666666667,0.08333333333333334,6.333333333333334,5.0,12.89375,14.411764705882351,1.7500000000000002,37.91666666666667,60.18181818181818,0.6521739130434783,3.111111111111111,,9.45620667253449,18.325384615384614
fish roe,ancient,fish roe,22.32,6.42,0.0,0.6,1.0,20.0,22.0,221.0,402.0,16.0,90.0,7.0,0.2,0.24,0.74,1.8,0.16,80.0,10.0,40.3,0.01,0.1,,44.64,9.876923076923076,0.0,3.3333333333333335,9.090909090909092,4.761904761904762,1.6923076923076923,4.702127659574469,32.16,17.77777777777778,10.0,46.666666666666664,0.16666666666666669,20.0,56.92307692307692,11.25,9.411764705882353,20.0,100.0,73.27272727272727,0.43478260869565216,11.111111111111112,,21.637757813531685,27.25846153846154
"shrimp, raw",modern,fish roe,20.1,0.51,,0.52,1.34,35.0,64.0,264.0,214.0,,,,,,,,,,,,0.033,0.391,,40.2,0.7846153846153846,,2.8888888888888893,12.181818181818183,8.333333333333332,4.923076923076923,5.617021276595745,17.119999999999997,,,,,,,,,,,,1.4347826086956523,43.44444444444445,,11.992920707106649,20.492307692307694
dandelion greens,ancient,dandelion greens,2.82,3.47,3.6,3.23,0.43,38.0,195.0,414.0,69.0,25.5,515.0,3.99,812.0,0.178,0.257,0.797,0.266,21.0,0.0,0.5,,0.178,,5.64,5.338461538461538,12.85714285714286,17.944444444444443,3.909090909090909,9.047619047619047,15.0,8.808510638297873,5.52,28.333333333333332,57.22222222222222,26.6,100.0,14.833333333333334,19.76923076923077,4.98125,15.647058823529413,5.25,0.0,0.9090909090909091,,19.77777777777778,,19.28474237184805,5.489230769230769
"lettuce, iceberg, raw",modern,dandelion greens,0.7425,0.07375,,0.03325,0.1728,6.311,14.24,139.3,19.18,,,,20.5,0.05638,,0.2175,0.04013,,,,0.08164,0.03335,,1.485,0.11346153846153845,,0.18472222222222223,1.5709090909090908,1.5026190476190475,1.0953846153846154,2.9638297872340424,1.5344,,,,17.083333333333332,4.698333333333333,,1.359375,2.360588235294118,,,,3.549565217391305,3.705555555555555,,3.467384619856389,0.7992307692307693
"purslane, raw",ancient,"purslane, raw",2.03,0.36,,1.99,0.17,68.0,65.0,494.0,44.0,21.0,,,,0.047,0.112,0.48,0.073,12.0,0.0,0.9,0.303,0.113,,4.06,0.5538461538461538,,11.055555555555555,1.5454545454545454,16.19047619047619,5.0,10.51063829787234,3.52,23.333333333333332,,,,3.916666666666667,8.615384615384615,3.0,4.294117647058823,3.0,0.0,1.6363636363636365,13.173913043478262,12.555555555555555,,7.584216192949971,2.3069230769230766
"cucumber, raw",modern,"purslane, raw",0.62,0.18,0.5,0.0,0.2,10.0,16.0,170.0,23.0,2.8,5.0,0.03,24.0,0.027,0.033,0.098,0.04,7.0,0.0,0.3,,0.063,,1.24,0.2769230769230769,1.7857142857142856,0.0,1.8181818181818183,2.380952380952381,1.2307692307692308,3.6170212765957444,1.8399999999999999,3.111111111111111,0.5555555555555556,0.2,20.0,2.25,2.5384615384615383,0.6125,2.3529411764705883,1.7500000000000002,0.0,0.5454545454545454,,6.999999999999999,,2.8204559431193053,0.7584615384615384
stinging nettles,ancient,stinging nettles,2.71,0.11,6.9,1.64,0.34,57.0,481.0,334.0,71.0,,101.0,,498.6,0.008,0.16,0.388,0.103,14.0,,0.3,0.779,0.076,,5.42,0.16923076923076924,24.642857142857146,9.11111111111111,3.090909090909091,13.571428571428571,37.0,7.106382978723404,5.680000000000001,,11.222222222222221,,100.0,0.6666666666666667,12.307692307692307,2.4250000000000003,6.0588235294117645,3.5000000000000004,,0.5454545454545454,33.869565217391305,8.444444444444445,,16.42603281343015,2.7946153846153847
"spinach, raw",modern,stinging nettles,2.85,0.62,1.6,1.26,0.45,93.0,68.0,582.0,39.0,26.5,283.0,2.03,483.0,0.077,0.194,0.551,0.195,116.0,0.0,0.0,,0.082,,5.7,0.9538461538461539,5.714285714285714,7.000000000000001,4.090909090909091,22.142857142857142,5.230769230769231,12.382978723404255,3.1199999999999997,29.444444444444446,31.444444444444446,13.533333333333333,100.0,6.416666666666666,14.923076923076922,3.44375,11.470588235294118,28.999999999999996,0.0,0.0,,9.11111111111111,,16.23522184529455,3.326923076923077
wild blueberries,ancient,wild blueberries,0.0,0.0,4.3,0.57,,,0.0,71.0,,,,,,,,,,,,,,,,0.0,0.0,15.357142857142856,3.166666666666666,,,0.0,1.5106382978723405,,,,,,,,,,,,,,,,5.0086119554204656,0.0
"blueberries, raw",modern,wild blueberries,0.7,0.31,2.4,0.34,0.09,6.0,12.0,86.0,13.0,8.1,3.0,0.57,19.3,0.037,0.041,0.418,0.052,6.0,0.0,0.1,,0.046,,1.4,0.47692307692307695,8.571428571428571,1.8888888888888888,0.8181818181818181,1.4285714285714286,0.9230769230769231,1.8297872340425532,1.04,9.0,0.33333333333333337,3.8,16.083333333333332,3.0833333333333335,3.1538461538461537,2.6125,3.0588235294117645,1.5,0.0,0.18181818181818182,,5.111111111111111,,3.3904228337040734,0.9384615384615385
"blackberries, raw",ancient,"blackberries, raw",1.39,0.49,5.3,0.62,0.53,20.0,29.0,162.0,22.0,21.0,11.0,1.17,19.8,0.02,0.026,0.646,0.03,25.0,0.0,0.4,,0.165,,2.78,0.7538461538461538,18.928571428571427,3.4444444444444446,4.818181818181818,4.761904761904762,2.230769230769231,3.446808510638298,1.76,23.333333333333332,1.2222222222222223,7.8,16.5,1.6666666666666667,1.9999999999999998,4.0375000000000005,1.7647058823529411,6.25,0.0,0.7272727272727273,,18.333333333333336,,6.475037597878486,1.7669230769230768
"strawberries, raw",modern,"blackberries, raw",0.64,0.22,1.8,0.26,0.11,13.0,17.0,161.0,23.0,59.6,1.0,0.29,2.1,0.025,0.016,0.386,0.035,8.0,0.0,0.4,,0.035,,1.28,0.3384615384615385,6.42857142857143,1.4444444444444446,1.0,3.0952380952380953,1.3076923076923077,3.4255319148936167,1.8399999999999999,66.22222222222223,0.1111111111111111,1.9333333333333331,1.7500000000000002,2.0833333333333335,1.2307692307692308,2.4125,2.058823529411765,2.0,0.0,0.7272727272727273,,3.888888888888889,,5.418933293009606,0.8092307692307692
fiddlehead ferns,ancient,fiddlehead ferns,4.55,0.4,,1.31,0.83,34.0,32.0,370.0,101.0,26.6,181.0,,,0.02,0.21,4.98,,,0.0,,0.51,0.32,,9.1,0.6153846153846154,,7.277777777777778,7.545454545454546,8.095238095238095,2.4615384615384617,7.872340425531915,8.08,29.555555555555557,20.11111111111111,,,1.6666666666666667,16.153846153846153,31.125000000000004,,,0.0,,22.17391304347826,35.55555555555556,,14.11957124226815,4.857692307692307
"broccoli, raw",modern,fiddlehead ferns,2.57,0.34,2.4,0.69,0.42,21.0,46.0,303.0,67.0,91.3,8.0,0.15,102.0,0.077,0.114,0.639,0.191,65.0,0.0,1.6,,0.059,,5.14,0.5230769230769231,8.571428571428571,3.833333333333333,3.818181818181818,5.0,3.5384615384615383,6.446808510638298,5.36,100.0,0.8888888888888888,1.0,85.0,6.416666666666666,8.76923076923077,3.99375,11.23529411764706,16.25,0.0,2.909090909090909,,6.5555555555555545,,14.715088983111759,2.8315384615384613
"cassava, raw",ancient,"cassava, raw",1.36,0.28,1.8,0.27,0.34,21.0,16.0,271.0,27.0,20.6,1.0,0.19,1.9,0.087,0.048,0.854,0.088,27.0,0.0,0.7,0.384,0.1,,2.72,0.43076923076923085,6.42857142857143,1.5000000000000002,3.090909090909091,5.0,1.2307692307692308,5.76595744680851,2.16,22.88888888888889,0.1111111111111111,1.2666666666666666,1.583333333333333,7.249999999999999,3.692307692307692,5.3374999999999995,5.176470588235294,6.75,0.0,1.2727272727272725,16.695652173913047,11.111111111111112,,5.415598801767634,1.5753846153846156
"white potato, raw",modern,"cassava, raw",1.68,0.1,2.4,0.52,0.29,21.0,9.0,407.0,62.0,9.1,0.0,0.01,1.6,0.071,0.034,1.066,0.203,18.0,0.0,0.3,0.145,0.116,,3.36,0.15384615384615385,8.571428571428571,2.8888888888888893,2.6363636363636362,5.0,0.6923076923076923,8.659574468085106,4.96,10.11111111111111,0.0,0.06666666666666667,1.3333333333333335,5.916666666666667,2.6153846153846154,6.6625000000000005,11.941176470588237,4.5,0.0,0.5454545454545454,6.304347826086956,12.88888888888889,,4.8147046690627455,1.7569230769230768
"yam, raw",ancient,"yam, raw",1.53,0.17,4.1,0.54,0.24,21.0,17.0,816.0,55.0,17.1,7.0,0.35,2.3,0.112,0.032,0.552,0.293,23.0,0.0,0.7,0.397,0.178,,3.06,0.26153846153846155,14.64285714285714,3.0000000000000004,2.1818181818181817,5.0,1.3076923076923077,17.361702127659576,4.3999999999999995,19.0,0.7777777777777778,2.333333333333333,1.9166666666666665,9.333333333333334,2.4615384615384617,3.45,17.235294117647058,5.75,0.0,1.2727272727272725,17.260869565217394,19.77777777777778,,7.423169403302313,1.6607692307692308
"sweet potato, raw",modern,"yam, raw",2.49,0.51,5.3,0.97,,70.0,78.0,508.0,81.0,11.0,189.0,,302.2,0.156,0.345,1.13,0.19,,0.0,0.9,,,,4.98,0.7846153846153846,18.928571428571427,5.388888888888889,,16.666666666666664,6.0,10.808510638297872,6.4799999999999995,12.222222222222221,21.0,,100.0,13.0,26.538461538461533,7.062499999999999,11.176470588235295,,0.0,1.6363636363636365,,,,17.127243707180504,2.8823076923076925
