food,era,pair,Protein,Total lipid (fat),"Fiber, total dietary","Iron, Fe","Zinc, Zn","Magnesium, Mg","Calcium, Ca","Potassium, K","Phosphorus, P","Vitamin C, total ascorbic acid","Vitamin A, RAE",Vitamin E (alpha-tocopherol),Vitamin K (phylloquinone),Thiamin,Riboflavin,Niacin,Vitamin B-6,"Folate, total",Vitamin B-12,"Selenium, Se","Manganese, Mn","Copper, Cu","Fatty acids, total omega-3"
venison,ancient,venison,20.2,25.1,0.0,2.43,3.79,19.0,17.0,287.0,189.0,0.0,7.0,0.47,1.0,0.407,0.283,7.27,0.378,5.0,1.75,10.5,,0.095,
"beef, ground, 80% lean",modern,venison,17.17,20.0,0.0,1.94,4.18,17.0,18.0,270.0,158.0,0.0,4.0,0.17,1.8,0.043,0.151,4.227,0.323,7.0,2.14,15.0,0.01,0.061,
bison,ancient,bison,25.2,8.55,0.0,3.16,5.3,23.0,14.0,350.0,211.0,0.0,0.0,0.2,1.3,0.138,0.262,5.92,0.398,16.0,2.42,30.9,,0.15,
"beef, ground, 90% lean",modern,bison,20.0,10.0,0.0,2.24,4.79,20.0,12.0,321.0,184.0,0.0,4.0,0.17,0.8,0.042,0.151,5.072,0.369,6.0,2.21,16.6,0.01,0.072,
wild boar,ancient,wild boar,21.51,3.33,0.0,,,,12.0,,120.0,0.0,0.0,,,0.39,0.11,4.0,,,,9.8,,,
"pork, ground",modern,wild boar,26.9,21.2,0.0,1.15,2.52,22.0,20.0,342.0,219.0,0.0,0.0,0.44,0.0,0.349,0.458,8.5,0.531,4.0,0.96,43.2,,0.038,
rabbit,ancient,rabbit,30.1,8.34,0.0,2.35,2.35,20.0,20.0,298.0,224.0,0.0,0.0,0.44,1.6,0.06,0.169,7.1,0.337,9.0,6.46,38.2,,0.175,
"chicken, breast, raw",modern,rabbit,22.525,1.934,,0.3543,0.6545,26.2,3.939,330.1,214.9,,,,,,,,,,,,0.0,0.003638,
elk,ancient,elk,22.95,1.45,0.0,2.76,2.4,23.0,4.0,312.0,161.0,0.0,0.0,,,,,,,,,9.8,0.012,0.12,
"beef, sirloin, raw",modern,elk,21.975,5.708,,2.224,3.453,22.08,3.701,349.4,193.1,,,,,,,,,,,,0.001563,0.07023,
quail,ancient,quail,25.0,14.0,0.0,4.41,3.09,22.0,15.0,215.0,278.0,2.3,70.0,0.7,4.2,0.219,0.299,7.89,0.617,6.0,0.36,21.7,,0.59,
"chicken, whole, raw",modern,quail,12.4,9.96,0.0,1.67,1.24,11.0,48.0,132.0,184.0,0.0,180.0,1.05,0.3,0.077,0.419,0.0,0.063,71.0,1.02,31.1,,0.0,
wild salmon,ancient,wild salmon,19.84,6.34,0.0,0.8,0.64,29.0,12.0,490.0,200.0,0.0,12.0,,,0.226,0.38,7.86,0.818,25.0,3.18,36.5,0.016,0.25,
"salmon, atlantic, farmed",modern,wild salmon,20.42,13.42,0.0,0.34,0.36,27.0,9.0,363.0,240.0,3.9,58.0,3.55,0.5,0.207,0.155,8.672,0.636,26.0,3.23,24.0,0.011,0.045,
"sardines, raw",ancient,"sardines, raw",17.9,7.96,1.0,3.12,1.12,34.0,306.0,273.0,322.0,0.0,18.0,1.23,1.5,0.27,0.233,5.03,0.134,55.0,4.97,39.6,,0.158,
"tuna, canned in water",modern,"sardines, raw",,,,,,,,,,,,,,,,,,,,,,,
"mackerel, raw",ancient,"mackerel, raw",18.6,13.89,0.0,1.63,0.63,76.0,12.0,314.0,217.0,0.4,50.0,1.52,5.0,0.176,0.312,9.08,0.399,1.0,8.71,44.1,0.015,0.073,
"cod, raw",modern,"mackerel, raw",17.81,0.67,0.0,0.38,0.45,32.0,16.0,413.0,203.0,1.0,12.0,0.64,0.1,0.076,0.065,2.063,0.245,7.0,0.91,33.1,0.015,0.028,
fish roe,ancient,fish roe,22.32,6.42,0.0,0.6,1.0,20.0,22.0,221.0,402.0,16.0,90.0,7.0,0.2,0.24,0.74,1.8,0.16,80.0,10.0,40.3,0.01,0.1,
"shrimp, raw",modern,fish roe,20.1,0.51,,0.52,1.34,35.0,64.0,264.0,214.0,,,,,,,,,,,,0.033,0.391,
dandelion greens,ancient,dandelion greens,2.82,3.47,3.6,3.23,0.43,38.0,195.0,414.0,69.0,25.5,515.0,3.99,812.0,0.178,0.257,0.797,0.266,21.0,0.0,0.5,,0.178,
"lettuce, iceberg, raw",modern,dandelion greens,0.7425,0.07375,,0.03325,0.1728,6.311,14.24,139.3,19.18,,,,20.5,0.05638,,0.2175,0.04013,,,,0.08164,0.03335,
"purslane, raw",ancient,"purslane, raw",2.03,0.36,,1.99,0.17,68.0,65.0,494.0,44.0,21.0,,,,0.047,0.112,0.48,0.073,12.0,0.0,0.9,0.303,0.113,
"cucumber, raw",modern,"purslane, raw",0.62,0.18,0.5,0.0,0.2,10.0,16.0,170.0,23.0,2.8,5.0,0.03,24.0,0.027,0.033,0.098,0.04,7.0,0.0,0.3,,0.063,
stinging nettles,ancient,stinging nettles,2.71,0.11,6.9,1.64,0.34,57.0,481.0,334.0,71.0,,101.0,,498.6,0.008,0.16,0.388,0.103,14.0,,0.3,0.779,0.076,
"spinach, raw",modern,stinging nettles,2.85,0.62,1.6,1.26,0.45,93.0,68.0,582.0,39.0,26.5,283.0,2.03,483.0,0.077,0.194,0.551,0.195,116.0,0.0,0.0,,0.082,
wild blueberries,ancient,wild blueberries,0.0,0.0,4.3,0.57,,,0.0,71.0,,,,,,,,,,,,,,,
"blueberries, raw",modern,wild blueberries,0.7,0.31,2.4,0.34,0.09,6.0,12.0,86.0,13.0,8.1,3.0,0.57,19.3,0.037,0.041,0.418,0.052,6.0,0.0,0.1,,0.046,
"blackberries, raw",ancient,"blackberries, raw",1.39,0.49,5.3,0.62,0.53,20.0,29.0,162.0,22.0,21.0,11.0,1.17,19.8,0.02,0.026,0.646,0.03,25.0,0.0,0.4,,0.165,
"strawberries, raw",modern,"blackberries, raw",0.64,0.22,1.8,0.26,0.11,13.0,17.0,161.0,23.0,59.6,1.0,0.29,2.1,0.025,0.016,0.386,0.035,8.0,0.0,0.4,,0.035,
fiddlehead ferns,ancient,fiddlehead ferns,4.55,0.4,,1.31,0.83,34.0,32.0,370.0,101.0,26.6,181.0,,,0.02,0.21,4.98,,,0.0,,0.51,0.32,
"broccoli, raw",modern,fiddlehead ferns,2.57,0.34,2.4,0.69,0.42,21.0,46.0,303.0,67.0,91.3,8.0,0.15,102.0,0.077,0.114,0.639,0.191,65.0,0.0,1.6,,0.059,
"cassava, raw",ancient,"cassava, raw",1.36,0.28,1.8,0.27,0.34,21.0,16.0,271.0,27.0,20.6,1.0,0.19,1.9,0.087,0.048,0.854,0.088,27.0,0.0,0.7,0.384,0.1,
"white potato, raw",modern,"cassava, raw",1.68,0.1,2.4,0.52,0.29,21.0,9.0,407.0,62.0,9.1,0.0,0.01,1.6,0.071,0.034,1.066,0.203,18.0,0.0,0.3,0.145,0.116,
"yam, raw",ancient,"yam, raw",1.53,0.17,4.1,0.54,0.24,21.0,17.0,816.0,55.0,17.1,7.0,0.35,2.3,0.112,0.032,0.552,0.293,23.0,0.0,0.7,0.397,0.178,
"sweet potato, raw",modern,"yam, raw",2.49,0.51,5.3,0.97,,70.0,78.0,508.0,81.0,11.0,189.0,,302.2,0.156,0.345,1.13,0.19,,0.0,0.9,,,
